{"cameraMode":{"drawMode":0,"name":"Shaded","section":"Shading Mode"},"sceneLighting":false,"audioPlay":false,"sceneViewState":{"showFog":true,"showMaterialUpdate":false,"showSkybox":false,"showFlares":true,"showImageEffects":true,"showParticleSystems":true,"showVisualEffectGraphs":true,"m_FxEnabled":true},"in2DMode":false,"pivot":{"x":1239.835693359375,"y":442.63189697265627,"z":20.95489501953125},"rotation":{"x":-0.027304096147418023,"y":0.011092076078057289,"z":-0.0003050647210329771,"w":-0.999571681022644},"size":161.57069396972657,"orthographic":false}