{"cameraMode":{"drawMode":0,"name":"Shaded","section":"Shading Mode"},"sceneLighting":true,"audioPlay":false,"sceneViewState":{"showFog":true,"showMaterialUpdate":false,"showSkybox":true,"showFlares":true,"showImageEffects":true,"showParticleSystems":true,"showVisualEffectGraphs":true,"m_FxEnabled":true},"in2DMode":false,"pivot":{"x":-7.210000038146973,"y":0.3799999952316284,"z":0.18000000715255738},"rotation":{"x":-0.2069641798734665,"y":-0.12814030051231385,"z":0.027352655306458474,"w":-0.9695438742637634},"size":9.082642555236817,"orthographic":false}