{"cameraMode":{"drawMode":0,"name":"Shaded","section":"Shading Mode"},"sceneLighting":true,"audioPlay":false,"sceneViewState":{"showFog":true,"showMaterialUpdate":false,"showSkybox":true,"showFlares":true,"showImageEffects":true,"showParticleSystems":true,"showVisualEffectGraphs":true,"m_FxEnabled":true},"in2DMode":false,"pivot":{"x":-0.7559115886688232,"y":-2.181637763977051,"z":-4.625270843505859},"rotation":{"x":-0.034792136400938037,"y":-0.024884749203920366,"z":0.0008659457671456039,"w":-0.9990870356559753},"size":10.209369659423829,"orthographic":false}