{"cameraMode":{"drawMode":0,"name":"Shaded","section":"Shading Mode"},"sceneLighting":true,"audioPlay":false,"sceneViewState":{"showFog":true,"showMaterialUpdate":false,"showSkybox":true,"showFlares":true,"showImageEffects":true,"showParticleSystems":true,"showVisualEffectGraphs":true,"m_FxEnabled":true},"in2DMode":false,"pivot":{"x":-2.6729280948638918,"y":1.9549247026443482,"z":-1.236054539680481},"rotation":{"x":-0.11539547145366669,"y":-0.051531776785850528,"z":0.005993007682263851,"w":-0.9919641613960266},"size":15.782522201538086,"orthographic":false}